<?xml version="1.0"?>
<!DOCTYPE package-info SYSTEM "http://www.simplemachines.org/xml/package-info">
<package-info xmlns="http://www.simplemachines.org/xml/package-info" xmlns:smf="http://www.simplemachines.org/">
	<id>smftricks:postprefix</id>
	<name>SMF Post Prefix</name>
	<version>4.2.0</version>
	<type>modification</type>
	<install for="2.1 - 2.1.99">
		<!-- Throw error if PHP version too old -->
		<code type="inline"><![CDATA[<?php
			define('REQUIRED_PHP_VERSION', '7.3.0');
			if (version_compare(PHP_VERSION, REQUIRED_PHP_VERSION, '<'))
				fatal_error(
					sprintf(
						'This mod requires a minimum of PHP %s in order to function. (You are currently running PHP %s)',
						REQUIRED_PHP_VERSION,
						PHP_VERSION
					),
					false
				);
		?>]]></code>
		<!-- Mod Readme -->
		<readme lang="english" parsebbc="true" type="file">readme/readme.english.txt</readme>
		<!-- Credits -->
		<credits url="https://smftricks.com" license="MPL 2.0" copyright="SMF Tricks" licenseurl="https://www.mozilla.org/en-US/MPL/2.0/">SMF Post Prefix</credits>
		<!-- License -->
		<license type="inline" parsebbc="false">
			This Source Code Form is subject to the terms of the Mozilla Public
			License, v. 2.0. If a copy of the MPL was not distributed with this
			file, You can obtain one at https://www.mozilla.org/en-US/MPL/2.0/.
		</license>
		<!-- Source Files -->
		<require-dir name="Sources" destination="$boarddir">Source files</require-dir>
		<!-- Templates and Languages -->
		<require-dir name="Themes" destination="$boarddir">Theme files</require-dir>
		<!-- Database -->
		<database>install.php</database>
		<!-- Hooks -->
		<hook hook="integrate_pre_load" function="PostPrefix\PostPrefix::initialize" file="$sourcedir/PostPrefix/PostPrefix.php" />
		<!-- Redirect -->
		<redirect url="?action=admin;area=postprefix" />
	</install>
	
	<uninstall for="2.1 - 2.1.99">
		<!-- Hooks -->
		<hook hook="integrate_pre_load" function="PostPrefix\PostPrefix::initialize" file="$sourcedir/PostPrefix/PostPrefix.php" reverse="true" />
		<!-- Source Files -->
		<remove-dir name="$sourcedir/PostPrefix">Source files</remove-dir>
		<!-- Languages -->
		<remove-dir name="$languagedir/PostPrefix">Language files</remove-dir>
		<!-- Scripts -->
		<remove-dir name="$themedir/scripts/postprefix">JS files</remove-dir>
		<!-- Styles -->
		<remove-dir name="$themedir/css/postprefix">CSS files</remove-dir>
		<!-- Templates -->
		<remove-file name="$themedir/PostPrefix.template.php">Template files</remove-file>
		<!-- Database -->
		<database>install.php</database>
	</uninstall>
</package-info>
